artist_name-1,Artist Name(s),artist_id
The White Stripes,The White Stripes,342
Coldplay,Coldplay,69
Hilltop Hoods,Hilltop Hoods,152
glue70,glue70,139
Coldplay,Coldplay,69
JAY-Z,JAY-Z;Alicia Keys,167
Alicia Keys,JAY-Z;Alicia Keys,11
Fort Minor,Fort Minor;Styles Of Beyond,126
Styles Of Beyond,Fort Minor;Styles Of Beyond,308
Travis Scott,Travis Scott;HVME,355
HVME,Travis Scott;HVME,156
Electric Light Orchestra,Electric Light Orchestra,108
Kanye West,Kanye West,181
Tevvez,Tevvez,318
Tujamo,Tujamo,359
Kanye West,Kanye West,181
Post Malone,Post Malone;Swae Lee,266
Swae Lee,Post Malone;Swae Lee,310
New Order,New Order,245
Kanye West,Kanye West;Dwele,181
Dwele,Kanye West;Dwele,104
Post Malone,Post Malone,266
Cream,Cream,72
Galantis,Galantis,133
Hilltop Hoods,Hilltop Hoods,152
TWISTED,TWISTED;Oliver Tree,362
Oliver Tree,TWISTED;Oliver Tree,249
MGMT,MGMT,233
DMX,DMX,97
Hilltop Hoods,Hilltop Hoods,152
OneRepublic,OneRepublic,250
Dance Fruits Music,Dance Fruits Music,81
MGMT,MGMT,233
The Killers,The Killers,335
KISS,KISS,194
Coldplay,Coldplay,69
Peking Duk,Peking Duk;Nicole Millar,258
Nicole Millar,Peking Duk;Nicole Millar,246
Macklemore,Macklemore;Ryan Lewis;Macklemore & Ryan Lewis;Ray Dalton,218
Ryan Lewis,Macklemore;Ryan Lewis;Macklemore & Ryan Lewis;Ray Dalton,284
Ray Dalton,Macklemore;Ryan Lewis;Macklemore & Ryan Lewis;Ray Dalton,271
Macklemore & Ryan Lewis,Macklemore;Ryan Lewis;Macklemore & Ryan Lewis;Ray Dalton,219
Zombie Nation,Zombie Nation,376
Caesars,Caesars,51
Outkast,Outkast,253
Black Eyed Peas,Black Eyed Peas,39
MEDUZA,MEDUZA;Goodboys,229
Goodboys,MEDUZA;Goodboys,140
The Rolling Stones,The Rolling Stones,339
Harry Styles,Harry Styles,150
Ghostface Playa,Ghostface Playa;Pharmacist,136
Pharmacist,Ghostface Playa;Pharmacist,262
PlayaPhonk,PlayaPhonk,265
Flo Rida,Flo Rida;T-Pain,123
T-Pain,Flo Rida;T-Pain,312
iamjakehill,iamjakehill,157
FrankJavCee,FrankJavCee,130
Red Hot Chili Peppers,Red Hot Chili Peppers,273
Elton John,Elton John,112
grandson,grandson,142
Estelle,Estelle;Kanye West,117
Kanye West,Estelle;Kanye West,181
David Guetta,David Guetta;Kid Cudi,83
Kid Cudi,David Guetta;Kid Cudi,190
Bruno Mars,Bruno Mars,47
MEDUZA,MEDUZA;Becky Hill;Goodboys,229
Becky Hill,MEDUZA;Becky Hill;Goodboys,37
Goodboys,MEDUZA;Becky Hill;Goodboys,140
Calvin Harris,Calvin Harris,53
Fall Out Boy,Fall Out Boy,120
Loud Luxury,Loud Luxury;Brando,214
Brando,Loud Luxury;Brando,45
Flume,Flume;T-Shirt,124
T-Shirt,Flume;T-Shirt,313
Macky Gee,Macky Gee;Stuart Rowe,220
Stuart Rowe,Macky Gee;Stuart Rowe,307
Bag Raiders,Bag Raiders,31
The Weeknd,The Weeknd,341
Haddaway,Haddaway,148
Calvin Harris,Calvin Harris;Ellie Goulding,53
Ellie Goulding,Calvin Harris;Ellie Goulding,110
Imagine Dragons,Imagine Dragons,160
Tame Impala,Tame Impala,315
The Chainsmokers,The Chainsmokers,324
Maroon 5,Maroon 5;Christina Aguilera,225
Christina Aguilera,Maroon 5;Christina Aguilera,64
Dire Straits,Dire Straits,93
Aerosmith,Aerosmith,7
Mötley Crüe,Mötley Crüe,240
Bastille,Bastille,33
Tove Lo,Tove Lo,353
OneRepublic,OneRepublic,250
John Newman,John Newman,174
Capital Cities,Capital Cities,54
Woodkid,Woodkid,371
Beastie Boys,Beastie Boys,35
Calvin Harris,Calvin Harris;John Newman,53
John Newman,Calvin Harris;John Newman,174
Kings of Leon,Kings of Leon,193
The Who,The Who,343
Duke Dumont,Duke Dumont,102
Jungle,Jungle,178
M.I.A.,M.I.A.,216
The Neighbourhood,The Neighbourhood,337
Neon Trees,Neon Trees,244
Two Door Cinema Club,Two Door Cinema Club,363
Bring Me The Horizon,Bring Me The Horizon,46
The Neighbourhood,The Neighbourhood,337
Rudimental,Rudimental;John Newman,281
John Newman,Rudimental;John Newman,174
Keane,Keane,182
Radiohead,Radiohead,269
John Newman,John Newman,174
Nirvana,Nirvana,248
Cage The Elephant,Cage The Elephant,52
Arctic Monkeys,Arctic Monkeys,20
The Neighbourhood,The Neighbourhood,337
Post Malone,Post Malone,266
Post Malone,Post Malone;Young Thug,266
Young Thug,Post Malone;Young Thug,375
Lenny Kravitz,Lenny Kravitz,207
Sophie Ellis-Bextor,Sophie Ellis-Bextor,297
"Tyler, The Creator","Tyler, The Creator;Kali Uchis",364
Kali Uchis,"Tyler, The Creator;Kali Uchis",180
Pixies,Pixies,264
Coldplay,Coldplay,69
Twenty One Pilots,Twenty One Pilots,361
Green Day,Green Day,143
Cage The Elephant,Cage The Elephant,52
Dr. Dog,Dr. Dog,98
Phantogram,Phantogram,261
Amy Winehouse,Amy Winehouse,14
Harmless,Harmless,149
The Irrepressibles,The Irrepressibles,334
The Verve,The Verve,340
The Black Keys,The Black Keys,322
Outkast,Outkast,253
Coldplay,Coldplay,69
Hoobastank,Hoobastank,154
Wallows,Wallows;Clairo,368
Clairo,Wallows;Clairo,68
Dayglow,Dayglow,84
JAY-Z,JAY-Z;Kanye West;Frank Ocean;The-Dream,167
Kanye West,JAY-Z;Kanye West;Frank Ocean;The-Dream,181
The-Dream,JAY-Z;Kanye West;Frank Ocean;The-Dream,344
Frank Ocean,JAY-Z;Kanye West;Frank Ocean;The-Dream,127
Kings of Leon,Kings of Leon,193
B.E.R.,B.E.R.,27
The Animals,The Animals,320
Soft Cell,Soft Cell,296
Bonnie Tyler,Bonnie Tyler,44
Red Hot Chili Peppers,Red Hot Chili Peppers,273
Guns N' Roses,Guns N' Roses,147
Linkin Park,Linkin Park,210
Badfinger,Badfinger,30
Simple Minds,Simple Minds,293
Two Door Cinema Club,Two Door Cinema Club,363
DJ Shadow,DJ Shadow;Mos Def,95
Mos Def,DJ Shadow;Mos Def,238
DJ Shadow,DJ Shadow;Run The Jewels,95
Run The Jewels,DJ Shadow;Run The Jewels,283
Depeche Mode,Depeche Mode,89
The White Stripes,The White Stripes;The Glitch Mob,342
The Glitch Mob,The White Stripes;The Glitch Mob,330
Tom Petty,Tom Petty,348
Tommy Richman,Tommy Richman,349
Ice Cube,Ice Cube,158
Afroman,Afroman,8
Supermode,Supermode;Axwell;Steve Angello,309
Axwell,Supermode;Axwell;Steve Angello,24
Steve Angello,Supermode;Axwell;Steve Angello,304
SNAP!,SNAP!,294
Lynyrd Skynyrd,Lynyrd Skynyrd,215
The Game,The Game;50 Cent,329
50 Cent,The Game;50 Cent,6
Eagles Of Death Metal,Eagles Of Death Metal,106
Beach Weather,Beach Weather,34
DJ Fresh,DJ Fresh,94
Collective Soul,Collective Soul,70
Modjo,Modjo,237
The Halluci Nation,The Halluci Nation,333
Crystal Waters,Crystal Waters;The Basement Boys,77
The Basement Boys,Crystal Waters;The Basement Boys,321
Creedence Clearwater Revival,Creedence Clearwater Revival,74
TrackTribe,TrackTribe,354
2Pac,2Pac;Roger;Dr. Dre,4
Roger,2Pac;Roger;Dr. Dre,280
Dr. Dre,2Pac;Roger;Dr. Dre,99
BigXthaPlug,BigXthaPlug,38
KETTAMA,KETTAMA,187
RÜFÜS DU SOL,RÜFÜS DU SOL,282
Fleetwood Mac,Fleetwood Mac,122
John Farnham,John Farnham,173
John Farnham,John Farnham,173
John Farnham,John Farnham,173
Nirvana,Nirvana,248
Butthole Surfers,Butthole Surfers,50
Guns N' Roses,Guns N' Roses,147
Fontaines D.C.,Fontaines D.C.,125
Arctic Monkeys,Arctic Monkeys,20
Fontaines D.C.,Fontaines D.C.,125
John Farnham,John Farnham,173
1927,1927,3
Bryan Adams,Bryan Adams,48
Rainbow,Rainbow,270
Badfinger,Badfinger,30
Duran Duran,Duran Duran,103
Frankie Valli,Frankie Valli,129
Lana Del Rey,Lana Del Rey;Cedric Gervais,200
Cedric Gervais,Lana Del Rey;Cedric Gervais,59
Creed,Creed,73
Lana Del Rey,Lana Del Rey;Cedric Gervais;Carlos Cid,200
Cedric Gervais,Lana Del Rey;Cedric Gervais;Carlos Cid,59
Carlos Cid,Lana Del Rey;Cedric Gervais;Carlos Cid,57
Robbie Williams,Robbie Williams,279
Holy Fuck,Holy Fuck,153
Dire Straits,Dire Straits,93
The Cult,The Cult,326
Daft Punk,Daft Punk,80
The Cure,The Cure,327
Memphis Cult,Memphis Cult;Groove Dealers;SPLYXER,231
Groove Dealers,Memphis Cult;Groove Dealers;SPLYXER,145
SPLYXER,Memphis Cult;Groove Dealers;SPLYXER,300
Cults,Cults,78
Eagles,Eagles,105
DTMX,DTMX,101
Djo,Djo,96
Djo,Djo,96
Torre Florim,Torre Florim,351
De Staat,De Staat,86
d4vd,d4vd,79
Speelburg,Speelburg,299
Le Tigre,Le Tigre,205
Vindigo,Vindigo,366
The Chemical Brothers,The Chemical Brothers,325
Men Without Hats,Men Without Hats,232
Jamiroquai,Jamiroquai,165
De Staat,De Staat,86
The Goo Goo Dolls,The Goo Goo Dolls,331
Lenny Kravitz,Lenny Kravitz,207
Frank Sinatra,Frank Sinatra,128
Mac DeMarco,Mac DeMarco,217
Ted Nugent,Ted Nugent,316
Teddybears,Teddybears;Iggy Pop,317
Iggy Pop,Teddybears;Iggy Pop,159
Australian Crawl,Australian Crawl,23
Seph Bentos,Seph Bentos,289
DigBar,DigBar,91
Vacations,Vacations,365
PARTYNEXTDOOR,PARTYNEXTDOOR,254
PARTYNEXTDOOR,PARTYNEXTDOOR,254
PARTYNEXTDOOR,PARTYNEXTDOOR,254
PARTYNEXTDOOR,PARTYNEXTDOOR;Drake,254
Drake,PARTYNEXTDOOR;Drake,100
Drake,Drake,100
Drake,Drake,100
Drake,Drake;Chris Brown,100
Chris Brown,Drake;Chris Brown,62
Jhené Aiko,Jhené Aiko,170
The Weeknd,The Weeknd,341
Bryson Tiller,Bryson Tiller,49
Drake,Drake,100
Drake,Drake,100
Mariah the Scientist,Mariah the Scientist,224
Mariah the Scientist,Mariah the Scientist;Lil Baby,224
Lil Baby,Mariah the Scientist;Lil Baby,208
Tory Lanez,Tory Lanez,352
Trippie Redd,Trippie Redd;Reese LAFLARE;Young Thug,357
Reese LAFLARE,Trippie Redd;Reese LAFLARE;Young Thug,274
Young Thug,Trippie Redd;Reese LAFLARE;Young Thug,375
Jhené Aiko,Jhené Aiko,170
Drake,Drake;Jhené Aiko,100
Jhené Aiko,Drake;Jhené Aiko,170
Jhené Aiko,Jhené Aiko;Childish Gambino,170
Childish Gambino,Jhené Aiko;Childish Gambino,61
PARTYNEXTDOOR,PARTYNEXTDOOR,254
PARTYNEXTDOOR,PARTYNEXTDOOR,254
SZA,SZA,311
Bryson Tiller,Bryson Tiller,49
Bryson Tiller,Bryson Tiller,49
Keyshia Cole,Keyshia Cole,189
Alicia Keys,Alicia Keys;Drake,11
Drake,Alicia Keys;Drake,100
Kendrick Lamar,Kendrick Lamar;Jay Rock,185
Jay Rock,Kendrick Lamar;Jay Rock,166
Trey Songz,Trey Songz,356
PARTYNEXTDOOR,PARTYNEXTDOOR,254
Nardo Wick,Nardo Wick;Future;Lil Baby,242
Future,Nardo Wick;Future;Lil Baby,131
Lil Baby,Nardo Wick;Future;Lil Baby,208
1900Rugrat,1900Rugrat;1900RugratArchive,1
1900RugratArchive,1900Rugrat;1900RugratArchive,2
Frank Ocean,Frank Ocean,127
Bruno Mars,Bruno Mars,47
G Herbo,G Herbo,132
Frank Ocean,Frank Ocean;André 3000,127
André 3000,Frank Ocean;André 3000,16
GloRilla,GloRilla;Cardi B,138
Cardi B,GloRilla;Cardi B,56
Lil Baby,Lil Baby;Gunna;Drake,208
Gunna,Lil Baby;Gunna;Drake,146
Drake,Lil Baby;Gunna;Drake,100
Future,Future,131
Jhené Aiko,Jhené Aiko,170
Future,Future;42 Dugg;Lil Baby,131
42 Dugg,Future;42 Dugg;Lil Baby,5
Lil Baby,Future;42 Dugg;Lil Baby,208
Lil Baby,Lil Baby,208
Lil Baby,Lil Baby,208
Drake,Drake,100
PARTYNEXTDOOR,PARTYNEXTDOOR,254
Mariah the Scientist,Mariah the Scientist,224
Nardo Wick,Nardo Wick;Latto;Lakeyah,242
Latto,Nardo Wick;Latto;Lakeyah,201
Lakeyah,Nardo Wick;Latto;Lakeyah,199
Lil Durk,Lil Durk,209
Dee Mula,Dee Mula,88
Baby Smoove,Baby Smoove,29
PARTYNEXTDOOR,PARTYNEXTDOOR;Drake,254
Drake,PARTYNEXTDOOR;Drake,100
Drake,Drake,100
G Herbo,G Herbo;Southside,132
Southside,G Herbo;Southside,298
YK Osiris,YK Osiris,374
Nardo Wick,Nardo Wick,242
Drake,Drake,100
Drake,Drake,100
Drake,Drake,100
Drake,Drake,100
Drake,Drake,100
Drake,Drake;PARTYNEXTDOOR,100
PARTYNEXTDOOR,Drake;PARTYNEXTDOOR,254
WALK THE MOON,WALK THE MOON,367
Ghost and Pals,Ghost and Pals,135
Anamanaguchi,Anamanaguchi;Hatsune Miku,15
Hatsune Miku,Anamanaguchi;Hatsune Miku,151
Ck9c,Ck9c;Elizabeth Ann,67
Elizabeth Ann,Ck9c;Elizabeth Ann,109
Jagwar Twin,Jagwar Twin,163
Rebzyyx,Rebzyyx;hoshie star,272
hoshie star,Rebzyyx;hoshie star,155
fflockk,fflockk,121
JubyPhonic,JubyPhonic;Master Andross,177
Master Andross,JubyPhonic;Master Andross,226
Ghost and Pals,Ghost and Pals,135
The Living Tombstone,The Living Tombstone,336
NILFRUITS,NILFRUITS,247
CircusP,CircusP,66
OR3O,OR3O;Thai McGrath,251
Thai McGrath,OR3O;Thai McGrath,319
Peter McPoland,Peter McPoland,260
Tikkle Me,Tikkle Me,345
Azari,Azari,26
Kikuo,Kikuo,191
potsu,potsu,267
James Clarke,James Clarke,164
Crusher-P,Crusher-P,76
すいっち,すいっち,377
Matsushita,Matsushita,227
Mother Mother,Mother Mother,239
Mother Mother,Mother Mother,239
Mother Mother,Mother Mother,239
Ghost and Pals,Ghost and Pals,135
Sodikken,Sodikken,295
The Living Tombstone,The Living Tombstone;Eurobeat Brony,336
Eurobeat Brony,The Living Tombstone;Eurobeat Brony,118
Jack Stauber's Micropop,Jack Stauber's Micropop,162
The Dresden Dolls,The Dresden Dolls,328
Penelope Scott,Penelope Scott,259
Kyary Pamyu Pamyu,Kyary Pamyu Pamyu,197
Tally Hall,Tally Hall,314
Bo Burnham,Bo Burnham,42
Nashimoto Ui,Nashimoto Ui;Hatsune Miku,243
Hatsune Miku,Nashimoto Ui;Hatsune Miku,151
ENHYPEN,ENHYPEN,115
Scissor Sisters,Scissor Sisters,288
Amiicus,Amiicus,12
Penelope Scott,Penelope Scott,259
LongestSoloEver,LongestSoloEver;DayumDahlia,213
DayumDahlia,LongestSoloEver;DayumDahlia,85
JT Music,JT Music,176
Kaden MacKay,Kaden MacKay,179
Alex Brightman,Alex Brightman;Erika Henningsen;Andrew Underberg;Sam Haft,10
Erika Henningsen,Alex Brightman;Erika Henningsen;Andrew Underberg;Sam Haft,116
Sam Haft,Alex Brightman;Erika Henningsen;Andrew Underberg;Sam Haft,285
Andrew Underberg,Alex Brightman;Erika Henningsen;Andrew Underberg;Sam Haft,18
Christian Borle,Christian Borle;Amir Talai;Joel Perez;Andrew Underberg;Sam Haft,63
Amir Talai,Christian Borle;Amir Talai;Joel Perez;Andrew Underberg;Sam Haft,13
Andrew Underberg,Christian Borle;Amir Talai;Joel Perez;Andrew Underberg;Sam Haft,18
Joel Perez,Christian Borle;Amir Talai;Joel Perez;Andrew Underberg;Sam Haft,172
Sam Haft,Christian Borle;Amir Talai;Joel Perez;Andrew Underberg;Sam Haft,285
Jeremy Jordan,Jeremy Jordan;Amir Talai;Erika Henningsen;Kimiko Glenn;Andrew Underberg;Sam Haft,168
Amir Talai,Jeremy Jordan;Amir Talai;Erika Henningsen;Kimiko Glenn;Andrew Underberg;Sam Haft,13
Kimiko Glenn,Jeremy Jordan;Amir Talai;Erika Henningsen;Kimiko Glenn;Andrew Underberg;Sam Haft,192
Erika Henningsen,Jeremy Jordan;Amir Talai;Erika Henningsen;Kimiko Glenn;Andrew Underberg;Sam Haft,116
Andrew Underberg,Jeremy Jordan;Amir Talai;Erika Henningsen;Kimiko Glenn;Andrew Underberg;Sam Haft,18
Sam Haft,Jeremy Jordan;Amir Talai;Erika Henningsen;Kimiko Glenn;Andrew Underberg;Sam Haft,285
The Living Tombstone,The Living Tombstone;Eile Monty;Orko,336
Eile Monty,The Living Tombstone;Eile Monty;Orko,107
Orko,The Living Tombstone;Eile Monty;Orko,252
JT Music,JT Music;Andrea Storm Kaden,176
Andrea Storm Kaden,JT Music;Andrea Storm Kaden,17
Shadrow,Shadrow,290
The Living Tombstone,The Living Tombstone,336
The Living Tombstone,The Living Tombstone,336
Jorge Aguilar II,Jorge Aguilar II,175
Jack Stauber's Micropop,Jack Stauber's Micropop,162
Bo Burnham,Bo Burnham,42
Jack Stauber's Micropop,Jack Stauber's Micropop,162
Lemon Demon,Lemon Demon,206
The Blake Robinson Synthetic Orchestra,The Blake Robinson Synthetic Orchestra,323
Laurindo Almeida,Laurindo Almeida,204
Jack Stauber's Micropop,Jack Stauber's Micropop,162
Black Gryph0n,Black Gryph0n;Baasik;Elsie Lovelock,40
Baasik,Black Gryph0n;Baasik;Elsie Lovelock,28
Elsie Lovelock,Black Gryph0n;Baasik;Elsie Lovelock,111
Regina Spektor,Regina Spektor,275
Penelope Scott,Penelope Scott,259
Bo Burnham,Bo Burnham,42
Tally Hall,Tally Hall,314
Penelope Scott,Penelope Scott,259
Kero Kero Bonito,Kero Kero Bonito,186
Miracle Musical,Miracle Musical,236
CreepP,CreepP,75
Crusher-P,Crusher-P,76
Miracle Musical,Miracle Musical,236
Måneskin,Måneskin;Tom Morello,223
Tom Morello,Måneskin;Tom Morello,347
asteria,asteria,22
mazie,mazie,228
Crusher-P,Crusher-P,76
Keith David,Keith David;Blake Roman;Andrew Underberg;Sam Haft,184
Blake Roman,Keith David;Blake Roman;Andrew Underberg;Sam Haft,41
Sam Haft,Keith David;Blake Roman;Andrew Underberg;Sam Haft,285
Andrew Underberg,Keith David;Blake Roman;Andrew Underberg;Sam Haft,18
Miracle Musical,Miracle Musical,236
Cavetown,Cavetown,58
Griffinilla,Griffinilla,144
APOCALIPSIS,APOCALIPSIS,19
Derivakat,Derivakat,90
MandoPony,MandoPony,222
Beat Saber,Beat Saber;The Living Tombstone,36
The Living Tombstone,Beat Saber;The Living Tombstone,336
Tally Hall,Tally Hall,314
Rebzyyx,Rebzyyx,272
Will Stetson,Will Stetson,370
bo en,bo en,43
The Newton Brothers,The Newton Brothers,338
The Living Tombstone,The Living Tombstone,336
CreepP,CreepP;CircusP,75
CircusP,CreepP;CircusP,66
ElyOtto,ElyOtto,113
The Living Tombstone,The Living Tombstone;OR3O,336
OR3O,The Living Tombstone;OR3O,251
The Living Tombstone,The Living Tombstone;Crusher-P,336
Crusher-P,The Living Tombstone;Crusher-P,76
Black Gryph0n,Black Gryph0n;Baasik,40
Baasik,Black Gryph0n;Baasik,28
PinocchioP,PinocchioP,263
Siinamota,Siinamota,292
The Living Tombstone,The Living Tombstone,336
Richard Carter,Richard Carter,276
Erika Henningsen,Erika Henningsen;Shoba Narayan;Patina Miller;Jessica Vosk;Stephanie Beatriz;Andrew Underberg;Sam Haft,116
Shoba Narayan,Erika Henningsen;Shoba Narayan;Patina Miller;Jessica Vosk;Stephanie Beatriz;Andrew Underberg;Sam Haft,291
Jessica Vosk,Erika Henningsen;Shoba Narayan;Patina Miller;Jessica Vosk;Stephanie Beatriz;Andrew Underberg;Sam Haft,169
Patina Miller,Erika Henningsen;Shoba Narayan;Patina Miller;Jessica Vosk;Stephanie Beatriz;Andrew Underberg;Sam Haft,255
Stephanie Beatriz,Erika Henningsen;Shoba Narayan;Patina Miller;Jessica Vosk;Stephanie Beatriz;Andrew Underberg;Sam Haft,303
Sam Haft,Erika Henningsen;Shoba Narayan;Patina Miller;Jessica Vosk;Stephanie Beatriz;Andrew Underberg;Sam Haft,285
Andrew Underberg,Erika Henningsen;Shoba Narayan;Patina Miller;Jessica Vosk;Stephanie Beatriz;Andrew Underberg;Sam Haft,18
Caravan Palace,Caravan Palace,55
bo en,bo en,43
Xguiz,Xguiz;Patricia Taxxon,373
Patricia Taxxon,Xguiz;Patricia Taxxon,256
Stegosaurus Rex,Stegosaurus Rex,302
deadman 死人,deadman 死人,87
AJR,AJR,9
AJR,AJR,9
Ghost and Pals,Ghost and Pals,135
Roar,Roar,278
Lizz Robinett,Lizz Robinett,212
girl in red,girl in red,137
Clairo,Clairo,68
girl in red,girl in red,137
Tally Hall,Tally Hall,314
Armut,Armut;Ayparia,21
Ayparia,Armut;Ayparia,25
L Devine,L Devine,198
Kehlani,Kehlani,183
The Living Tombstone,The Living Tombstone,336
Melanie Martinez,Melanie Martinez,230
CircusP,CircusP,66
Crusher-P,Crusher-P,76
CircusP,CircusP,66
Crusher-P,Crusher-P,76
Kitty,Kitty,195
Lemon Demon,Lemon Demon,206
Daphne Rubin-Vega,Daphne Rubin-Vega;Andrew Underberg;Sam Haft,82
Andrew Underberg,Daphne Rubin-Vega;Andrew Underberg;Sam Haft,18
Sam Haft,Daphne Rubin-Vega;Andrew Underberg;Sam Haft,285
Imogen Heap,Imogen Heap,161
Savlonic,Savlonic,287
Laurie Anderson,Laurie Anderson,203
Rio Romeo,Rio Romeo,277
Jimmy Urine,Jimmy Urine,171
Basement Jaxx,Basement Jaxx,32
MGMT,MGMT,233
chart,chart,60
Starley,Starley,301
My Singing Monsters,My Singing Monsters;Werdos;Dipsters,241
Werdos,My Singing Monsters;Werdos;Dipsters,369
Dipsters,My Singing Monsters;Werdos;Dipsters,92
TV Girl,TV Girl,360
Black Gryph0n,Black Gryph0n;Baasik;Elsie Lovelock;Michael Kovach;Krystal LaPorte;Michelle Marie,40
Baasik,Black Gryph0n;Baasik;Elsie Lovelock;Michael Kovach;Krystal LaPorte;Michelle Marie,28
Michael Kovach,Black Gryph0n;Baasik;Elsie Lovelock;Michael Kovach;Krystal LaPorte;Michelle Marie,234
Elsie Lovelock,Black Gryph0n;Baasik;Elsie Lovelock;Michael Kovach;Krystal LaPorte;Michelle Marie,111
Krystal LaPorte,Black Gryph0n;Baasik;Elsie Lovelock;Michael Kovach;Krystal LaPorte;Michelle Marie,196
Michelle Marie,Black Gryph0n;Baasik;Elsie Lovelock;Michael Kovach;Krystal LaPorte;Michelle Marie,235
Mad Tsai,Mad Tsai,221
Gracie Abrams,Gracie Abrams,141
Queen,Queen,268
STOMACH BOOK,STOMACH BOOK,306
Evanescence,Evanescence,119
WRABEL,WRABEL,372
WRABEL,WRABEL,372
Em Beihold,Em Beihold,114
Cótiles,Cótiles,71
Tryhardninja,Tryhardninja,358
Toby Fox,Toby Fox,346
TV Girl,TV Girl,360
TV Girl,TV Girl,360
TV Girl,TV Girl,360
Sodikken,Sodikken,295
Ghost and Pals,Ghost and Pals;Lauren Estes,135
Lauren Estes,Ghost and Pals;Lauren Estes,202
Ghost,Ghost,134
Black Gryph0n,Black Gryph0n;Baasik;The Living Tombstone;Kevin Foster,40
Baasik,Black Gryph0n;Baasik;The Living Tombstone;Kevin Foster,28
Kevin Foster,Black Gryph0n;Baasik;The Living Tombstone;Kevin Foster,188
The Living Tombstone,Black Gryph0n;Baasik;The Living Tombstone;Kevin Foster,336
Steven Universe,Steven Universe;Christine Ebersole;Lisa Hannigan;Patti LuPone;Sarah Stiles,305
Christine Ebersole,Steven Universe;Christine Ebersole;Lisa Hannigan;Patti LuPone;Sarah Stiles,65
Patti LuPone,Steven Universe;Christine Ebersole;Lisa Hannigan;Patti LuPone;Sarah Stiles,257
Lisa Hannigan,Steven Universe;Christine Ebersole;Lisa Hannigan;Patti LuPone;Sarah Stiles,211
Sarah Stiles,Steven Universe;Christine Ebersole;Lisa Hannigan;Patti LuPone;Sarah Stiles,286
The Gregory Brothers,The Gregory Brothers;TomSka,332
TomSka,The Gregory Brothers;TomSka,350
Cótiles,Cótiles,71
